{
    "foreground_intensity_properties_per_channel": {
        "0": {
            "max": 1104.0,
            "mean": 244.895751953125,
            "median": 226.0,
            "min": 0.0,
            "percentile_00_5": 44.0,
            "percentile_99_5": 618.0,
            "std": 115.759521484375
        }
    },
    "median_relative_size_after_cropping": 1.0,
    "shapes_after_crop": [
        [
            44,
            93,
            151
        ],
        [
            46,
            88,
            133
        ],
        [
            52,
            86,
            105
        ],
        [
            44,
            96,
            133
        ],
        [
            38,
            90,
            150
        ],
        [
            46,
            98,
            161
        ],
        [
            46,
            105,
            164
        ],
        [
            54,
            125,
            129
        ],
        [
            44,
            118,
            148
        ],
        [
            40,
            83,
            131
        ],
        [
            44,
            116,
            140
        ],
        [
            58,
            93,
            168
        ],
        [
            46,
            105,
            148
        ],
        [
            46,
            116,
            143
        ],
        [
            40,
            103,
            143
        ],
        [
            44,
            108,
            166
        ],
        [
            48,
            83,
            118
        ],
        [
            44,
            103,
            139
        ],
        [
            42,
            131,
            191
        ],
        [
            40,
            95,
            154
        ],
        [
            52,
            106,
            163
        ],
        [
            42,
            98,
            141
        ],
        [
            44,
            108,
            156
        ],
        [
            44,
            122,
            159
        ],
        [
            50,
            104,
            151
        ],
        [
            44,
            101,
            141
        ],
        [
            46,
            113,
            148
        ],
        [
            40,
            93,
            130
        ],
        [
            42,
            98,
            136
        ],
        [
            44,
            105,
            133
        ],
        [
            44,
            115,
            151
        ],
        [
            44,
            98,
            143
        ],
        [
            40,
            83,
            124
        ],
        [
            46,
            93,
            143
        ],
        [
            40,
            77,
            108
        ],
        [
            40,
            93,
            156
        ],
        [
            38,
            113,
            164
        ],
        [
            46,
            96,
            151
        ],
        [
            46,
            104,
            130
        ],
        [
            46,
            110,
            171
        ],
        [
            40,
            116,
            164
        ],
        [
            40,
            78,
            124
        ],
        [
            48,
            103,
            161
        ],
        [
            46,
            93,
            156
        ],
        [
            46,
            123,
            149
        ],
        [
            48,
            108,
            133
        ],
        [
            37,
            108,
            141
        ],
        [
            48,
            110,
            156
        ],
        [
            42,
            111,
            151
        ],
        [
            42,
            98,
            141
        ],
        [
            34,
            96,
            141
        ],
        [
            42,
            160,
            250
        ],
        [
            48,
            115,
            153
        ],
        [
            44,
            101,
            153
        ],
        [
            50,
            108,
            144
        ],
        [
            40,
            103,
            151
        ],
        [
            52,
            118,
            153
        ],
        [
            46,
            85,
            140
        ],
        [
            38,
            100,
            138
        ],
        [
            46,
            96,
            141
        ],
        [
            46,
            96,
            139
        ],
        [
            46,
            95,
            131
        ],
        [
            46,
            93,
            138
        ],
        [
            40,
            86,
            121
        ],
        [
            42,
            121,
            153
        ],
        [
            48,
            113,
            151
        ],
        [
            38,
            78,
            116
        ],
        [
            40,
            80,
            153
        ],
        [
            44,
            86,
            161
        ],
        [
            48,
            90,
            127
        ],
        [
            40,
            100,
            166
        ],
        [
            40,
            91,
            136
        ],
        [
            48,
            121,
            154
        ],
        [
            38,
            83,
            118
        ],
        [
            46,
            105,
            166
        ],
        [
            43,
            101,
            111
        ],
        [
            36,
            88,
            156
        ],
        [
            42,
            109,
            156
        ],
        [
            36,
            95,
            143
        ],
        [
            38,
            90,
            123
        ],
        [
            40,
            98,
            164
        ],
        [
            42,
            126,
            151
        ],
        [
            44,
            106,
            158
        ],
        [
            42,
            106,
            151
        ],
        [
            38,
            88,
            138
        ],
        [
            46,
            111,
            157
        ],
        [
            48,
            93,
            169
        ],
        [
            42,
            106,
            156
        ],
        [
            40,
            85,
            133
        ],
        [
            39,
            101,
            154
        ],
        [
            40,
            103,
            144
        ],
        [
            42,
            88,
            131
        ]
    ],